name,address,city,state,zipcode
Christopher Roberts,303 Industrial Pkwy,Nashville,TN,37201
Nancy Evans,1290 Maple Avenue,Orlando,FL,32801
Matthew Baker,1500 Elm Road,New York,NY,10001
Maria Taylor,606 Ridge Road,San Francisco,CA,94105
Kevin Harris,1202 Willow Way,Portland,OR,97201
Barbara Thompson,762 Bridge Street,Detroit,MI,48201
Brian Martinez,742 Evergreen Terrace,Charlotte,NC,28202
Susan Walker,420 Spruce Lane,Atlanta,GA,30303
Joseph Garcia,512 Valley View,Phoenix,AZ,85001
Donna Adams,903 Walnut Street,Los Angeles,CA,90012
Steven Phillips,109 Forest Drive,Cleveland,OH,44114
Margaret Clark,55 Highland Dr,Las Vegas,NV,89101
Mark Chen,880 Magnolia Ave,Columbus,OH,43215
Sarah Jenkins,1818 Lakeview Dr,Seattle,WA,98101
David King,234 Birch Blvd,Santa Fe,NM,87501
Edward O'Connor,888 Pine Lane,Salt Lake City,UT,84101
Dorothy White,333 Orchard Blvd,Minneapolis,MN,55401
Linda Scott,455 Oak Street,Springfield,IL,62704
James Wilson,925 Garden St,Miami,FL,33101
Ashley Campbell,990 Sunset Blvd,Philadelphia,PA,19107
Betty Lewis,404 Canyon Road,Austin,TX,78701
George Young,1414 Meadow Ln,San Diego,CA,92101
Elizabeth Green,2020 Park Ave,Richmond,VA,23219
Robert Turner,258 Hillside Ave,Boston,MA,2108
Michael Wright,123 River Road,Milwaukee,WI,53202
Karen Anderson,671 Cedar Court,Charleston,SC,29401
Paul Carter,777 Aspen Dr,Kansas City,MO,64106
Daniel Mitchell,645 Summit St,Denver,CO,80202
Jennifer Hall,717 Victoria Way,New Orleans,LA,70112
Sandra Lee,314 Redwood Circle,Indianapolis,IN,46204